{
    "accuracy": 0.9859,
    "macro_avg": {
        "precision": 0.9859956156989631,
        "recall": 0.9857816095293721,
        "f1": 0.9858174944259692
    },
    "per_class": {
        "0": {
            "precision": 0.9858728557013118,
            "recall": 0.996938775510204,
            "f1": 0.991374936580416,
            "support": 980
        },
        "1": {
            "precision": 0.995579133510168,
            "recall": 0.9920704845814978,
            "f1": 0.9938217122683142,
            "support": 1135
        },
        "2": {
            "precision": 0.98545101842871,
            "recall": 0.9844961240310077,
            "f1": 0.984973339796413,
            "support": 1032
        },
        "3": {
            "precision": 0.9920477137176938,
            "recall": 0.9881188118811881,
            "f1": 0.9900793650793651,
            "support": 1010
        },
        "4": {
            "precision": 0.9958246346555324,
            "recall": 0.9714867617107943,
            "f1": 0.9835051546391752,
            "support": 982
        },
        "5": {
            "precision": 0.9920454545454546,
            "recall": 0.9786995515695067,
            "f1": 0.9853273137697517,
            "support": 892
        },
        "6": {
            "precision": 0.9905561385099685,
            "recall": 0.9853862212943633,
            "f1": 0.9879644165358451,
            "support": 958
        },
        "7": {
            "precision": 0.9920792079207921,
            "recall": 0.9747081712062257,
            "f1": 0.9833169774288518,
            "support": 1028
        },
        "8": {
            "precision": 0.968,
            "recall": 0.9938398357289527,
            "f1": 0.9807497467071935,
            "support": 974
        },
        "9": {
            "precision": 0.9625,
            "recall": 0.9920713577799801,
            "f1": 0.977061981454368,
            "support": 1009
        }
    }
}