{
    "accuracy": 0.9873,
    "macro_avg": {
        "precision": 0.9874543956487157,
        "recall": 0.9871053023432464,
        "f1": 0.987233166193092
    },
    "per_class": {
        "0": {
            "precision": 0.977022977022977,
            "recall": 0.9979591836734694,
            "f1": 0.9873801110550228,
            "support": 980
        },
        "1": {
            "precision": 0.9929762949956101,
            "recall": 0.9964757709251101,
            "f1": 0.9947229551451188,
            "support": 1135
        },
        "2": {
            "precision": 0.9771428571428571,
            "recall": 0.9941860465116279,
            "f1": 0.9855907780979827,
            "support": 1032
        },
        "3": {
            "precision": 0.9891196834817013,
            "recall": 0.9900990099009901,
            "f1": 0.9896091044037605,
            "support": 1010
        },
        "4": {
            "precision": 0.9809428284854563,
            "recall": 0.9959266802443992,
            "f1": 0.988377968671046,
            "support": 982
        },
        "5": {
            "precision": 0.9965909090909091,
            "recall": 0.9831838565022422,
            "f1": 0.989841986455982,
            "support": 892
        },
        "6": {
            "precision": 0.997872340425532,
            "recall": 0.9791231732776617,
            "f1": 0.9884088514225501,
            "support": 958
        },
        "7": {
            "precision": 0.9853658536585366,
            "recall": 0.9824902723735408,
            "f1": 0.9839259620068193,
            "support": 1028
        },
        "8": {
            "precision": 0.9885654885654885,
            "recall": 0.9763860369609856,
            "f1": 0.9824380165289256,
            "support": 974
        },
        "9": {
            "precision": 0.9889447236180905,
            "recall": 0.9752229930624381,
            "f1": 0.9820359281437125,
            "support": 1009
        }
    }
}