{
    "accuracy": 0.9925,
    "macro_avg": {
        "precision": 0.9924221206755662,
        "recall": 0.9924438431627631,
        "f1": 0.992399429930544
    },
    "per_class": {
        "0": {
            "precision": 0.9859013091641491,
            "recall": 0.9989795918367347,
            "f1": 0.9923973644196655,
            "support": 980
        },
        "1": {
            "precision": 0.9938650306748467,
            "recall": 0.9991189427312775,
            "f1": 0.9964850615114236,
            "support": 1135
        },
        "2": {
            "precision": 0.9932562620423893,
            "recall": 0.999031007751938,
            "f1": 0.996135265700483,
            "support": 1032
        },
        "3": {
            "precision": 0.9989949748743718,
            "recall": 0.9841584158415841,
            "f1": 0.9915211970074813,
            "support": 1010
        },
        "4": {
            "precision": 0.9918781725888325,
            "recall": 0.994908350305499,
            "f1": 0.9933909506863243,
            "support": 982
        },
        "5": {
            "precision": 0.9855875831485588,
            "recall": 0.9966367713004485,
            "f1": 0.9910813823857302,
            "support": 892
        },
        "6": {
            "precision": 0.9978813559322034,
            "recall": 0.9832985386221295,
            "f1": 0.9905362776025236,
            "support": 958
        },
        "7": {
            "precision": 0.9960975609756098,
            "recall": 0.9931906614785992,
            "f1": 0.9946419873356064,
            "support": 1028
        },
        "8": {
            "precision": 0.983789260385005,
            "recall": 0.9969199178644764,
            "f1": 0.9903110657827638,
            "support": 974
        },
        "9": {
            "precision": 0.996969696969697,
            "recall": 0.9781962338949455,
            "f1": 0.9874937468734367,
            "support": 1009
        }
    }
}